{
    "bulk": {
        "alpha": 2.018953377149634,
        "rb": 6.063132361224919
    },
    "layer-0": {
        "height": 2.888809012920585,
        "r0": 2.1896654429131432,
        "sigma": 0.1023045802842661
    },
    "layer-1": {
        "height": 1.6755788382555366,
        "r0": 2.3680970829238945,
        "sigma": 0.1600548165876727
    },
    "layer-2": {
        "height": 0.9932116338477435,
        "r0": 3.4812518894409425,
        "sigma": 0.18714814091453527
    },
    "layer-3": {
        "height": 0.973397949139753,
        "r0": 4.697043224597293,
        "sigma": 1.128508997325895
    }
}