{
    "bulk": {
        "alpha": 2.2629728129251028,
        "rb": 3.054005577045915
    },
    "layer-0": {
        "height": 3.83162222873766,
        "r0": 3.126214457721149,
        "sigma": -0.0016680718384560539
    },
    "layer-1": {
        "height": 3.678000838140596,
        "r0": 2.244209140999649,
        "sigma": 0.14438978430881005
    },
    "layer-2": {
        "height": 0.8453816941056422,
        "r0": 3.485915304631379,
        "sigma": 0.15581612484193674
    },
    "layer-3": {
        "height": -0.0058942386272104125,
        "r0": 7.396233209459265,
        "sigma": 2.8995682163076806
    }
}
