{
    "bulk": {
        "alpha": 2.205461582164149,
        "rb": 7.621100680201703
    },
    "layer-0": {
        "height": 0.6004274898977117,
        "r0": 3.1128781891672843,
        "sigma": 0.35810702394540217
    },
    "layer-1": {
        "height": 0.6808156022725146,
        "r0": 3.7558594991044933,
        "sigma": 0.5226620467054424
    },
    "layer-2": {
        "height": 0.7400902632393667,
        "r0": 4.6897791344161135,
        "sigma": 0.8574669904997527
    },
    "layer-3": {
        "height": 0.8729292173866314,
        "r0": 6.627066620133849,
        "sigma": 0.9090206607451551
    }
}
