{
    "bulk": {
        "alpha": 2.0,
        "rb": 8.517878972134492
    },
    "layer-0": {
        "height": 1.7982715955560646,
        "r0": 3.285733516814589,
        "sigma": 0.5381050173502179
    },
    "layer-1": {
        "height": 1.1446543052612537,
        "r0": 6.35566037564875,
        "sigma": 1.436025902902966
    }
}
