{
    "bulk": {
        "alpha": 2.0,
        "rb": 8.51774851
    },
    "layer-0": {
        "height": 1.79824249,
        "r0": 3.28574142,
        "sigma": 0.53809698
    },
    "layer-1": {
        "height": 1.14469032,
        "r0": 6.35575892,
        "sigma": 1.43594476
    }
}
