{
    "bulk": {
        "alpha": 3.317688995294225,
        "rb": 6.580813584172095
    },
    "layer-0": {
        "height": 2.808394149491932,
        "r0": 2.971568699096187,
        "sigma": 0.2123865172792689
    },
    "layer-1": {
        "height": -0.28435379198724875,
        "r0": 4.224700080443924,
        "sigma": 0.4281051901175137
    },
    "layer-2": {
        "height": 1.2875028434388591,
        "r0": 4.993967057814165,
        "sigma": 1.0340434503069857
    }
}
