{
    "bulk": {
        "alpha": 3.0132979189989277,
        "rb": 6.864019256288284
    },
    "layer-0": {
        "height": 1.8604863108924703,
        "r0": 3.278804760580137,
        "sigma": 0.26420706766332774
    },
    "layer-1": {
        "height": 0.44212093542574515,
        "r0": 3.594921396085896,
        "sigma": 0.5086071184141495
    },
    "layer-2": {
        "height": 1.1376910625943781,
        "r0": 5.53137071016966,
        "sigma": 0.9498518349070285
    }
}
