{
    "bulk": {
        "alpha": 3.7401448299779103,
        "rb": 8.108873751428915
    },
    "layer-0": {
        "height": 2.700175431546411,
        "r0": 3.244311656509755,
        "sigma": 0.3768788036371143
    },
    "layer-1": {
        "height": 1.3252085274704848,
        "r0": 6.2739531570693865,
        "sigma": 1.0813470350555898
    }
}
