{
    "bulk": {
        "alpha": 1.5718271866750866,
        "rb": 4.591067925424567
    },
    "layer-0": {
        "height": 6.3921996358343804,
        "r0": 2.327916243822076,
        "sigma": 0.07832098431749357
    },
    "layer-1": {
        "height": 3.2058124080050745,
        "r0": 2.4589916343740548,
        "sigma": 0.12314751582401998
    },
    "layer-2": {
        "height": 0.991523508992005,
        "r0": 4.495531428830596,
        "sigma": 0.46225832433134206
    }
}
