{
    "bulk": {
        "alpha": 1.9060390254661665,
        "rb": 7.27125692496298
    },
    "layer-0": {
        "height": 1.0336637241521474,
        "r0": 3.597906513031813,
        "sigma": 0.2968708835226999
    },
    "layer-1": {
        "height": 0.8606976244187575,
        "r0": 3.2407266673599207,
        "sigma": 0.19155352660949787
    },
    "layer-2": {
        "height": 0.7842211208348042,
        "r0": 4.204266749094605,
        "sigma": 0.5037866197228782
    },
    "layer-3": {
        "height": 0.9355802243627772,
        "r0": 6.090962721167217,
        "sigma": 1.0382064096419192
    }
}
