{
    "bulk": {
        "alpha": 3.2016746096144444,
        "rb": 6.277324492152387
    },
    "layer-0": {
        "height": 4.079977777296595,
        "r0": 2.695730269898988,
        "sigma": 0.10401275053731705
    },
    "layer-1": {
        "height": 1.7692783652537791,
        "r0": 2.8931376101275936,
        "sigma": -0.17588562825607199
    },
    "layer-2": {
        "height": 1.1817600555768402,
        "r0": 4.962954323510432,
        "sigma": 0.9103040928891878
    }
}
