{
    "bulk": {
        "alpha": 1.8290774090910351,
        "rb": 7.636291552841077
    },
    "layer-0": {
        "height": 3.3305517184514093,
        "r0": 3.118719739826789,
        "sigma": 0.09813195583441825
    },
    "layer-1": {
        "height": 1.7574393677449303,
        "r0": 3.2911293897434972,
        "sigma": 0.14951911931087952
    },
    "layer-2": {
        "height": 1.022657140033037,
        "r0": 4.904391357841469,
        "sigma": 0.8786661662656242
    },
    "layer-3": {
        "height": 0.7144454686053301,
        "r0": 6.9064407463389905,
        "sigma": 0.9007872651526475
    }
}
