{
    "bulk": {
        "alpha": 3.741879734438787,
        "rb": 8.108956073475202
    },
    "layer-0": {
        "height": 2.700128708258748,
        "r0": 3.244302100536333,
        "sigma": 0.37688013516634894
    },
    "layer-1": {
        "height": 1.3251049632176806,
        "r0": 6.273928984326585,
        "sigma": 1.0815833766969845
    }
}
