{
    "bulk": {
        "alpha": 3.7363724036719006,
        "rb": 8.109210482247345
    },
    "layer-0": {
        "height": 2.7002058264483306,
        "r0": 3.2443179438141683,
        "sigma": 0.3768643849888165
    },
    "layer-1": {
        "height": 1.3253563245359556,
        "r0": 6.273848386501835,
        "sigma": 1.0813456590978439
    }
}
