{
    "bulk": {
        "alpha": 2.2146982139774924,
        "rb": 7.930309712219936
    },
    "layer-0": {
        "height": 4.079403466862901,
        "r0": 2.7472519810994807,
        "sigma": 0.10302665537580205
    },
    "layer-1": {
        "height": 1.7348023794519445,
        "r0": 2.941233082497745,
        "sigma": 0.17342227772238314
    },
    "layer-2": {
        "height": 1.1155340020125202,
        "r0": 4.880748423264523,
        "sigma": 0.8717246339246444
    },
    "layer-3": {
        "height": 0.8280801534441476,
        "r0": 7.015335269123862,
        "sigma": 0.9123799363701005
    }
}
