{
    "unit": {
        "r0": "angstrom",
        "l0": "angstrom",
        "w0": "angstrom",
        "density": "mol/L",
        "current": "A",
        "voltage": "V"
    },
    "reference-01": {
        "ion_types": [
            "pot",
            "cla"
        ],
        "r0": 20.0,
        "l0": 250.0,
        "w0": 100.0,
        "density": [
            1.0,
            1.0
        ],
        "voltage": [
            1.0,
            0.9,
            0.8,
            0.7,
            0.6,
            0.5,
            0.4,
            0.3,
            0.2,
            0.1,
            0.0,
            -0.1,
            -0.2,
            -0.3,
            -0.4,
            -0.5,
            -0.6,
            -0.7,
            -0.8,
            -0.9,
            -1.0
        ],
        "current": [
            3.71934e-09,
            3.26407e-09,
            2.88356e-09,
            2.87267e-09,
            2.45259e-09,
            1.93624e-09,
            1.657e-09,
            1.2941e-09,
            9.81068e-10,
            5.17965e-10,
            -4.39e-11,
            -6.56829e-10,
            -1.27573e-09,
            -1.85244e-09,
            -2.29294e-09,
            -2.65312e-09,
            -2.97494e-09,
            -3.66481e-09,
            -4.14477e-09,
            -4.77178e-09,
            -5.07841e-09
        ]
    },
    "reference-02": {
        "ion_types": [
            "pot",
            "cla"
        ],
        "r0": 30.0,
        "l0": 250.0,
        "w0": 100.0,
        "density": [
            1.0,
            1.0
        ],
        "voltage": [
            -1.0,
            -0.9,
            -0.8,
            -0.7,
            -0.6,
            -0.5,
            -0.4,
            -0.3,
            -0.2,
            -0.1,
            0.0,
            0.1,
            0.2,
            0.3,
            0.4,
            0.5,
            0.6,
            0.7,
            0.8,
            0.9,
            1.0
        ],
        "current": [
            -1.41347E-08,
            -1.19761E-08,
            -1.01922E-08,
            -8.24856E-09,
            -6.78598E-09,
            -5.98366E-09,
            -4.13482E-09,
            -2.76799E-09,
            -1.61652E-09,
            -7.42526E-10,
            4.32433E-11,
            9.40667E-10,
            2.05863E-09,
            3.26294E-09,
            3.45139E-09,
            3.57904E-09,
            5.30638E-09,
            5.37962E-09,
            7.55533E-09,
            4.9114E-09,
            4.60479E-09
        ]
    },
    "reference-03": {
        "ion_types": [
            "pot",
            "cla"
        ],
        "r0": 5.0,
        "l0": 250.0,
        "w0": 100.0,
        "density": [
            1.0,
            1.0
        ],
        "voltage": [
            -1.0,
            -0.9,
            -0.8,
            -0.7,
            -0.6,
            -0.5,
            -0.4,
            -0.3,
            -0.2,
            -0.1,
            0.0,
            0.1,
            0.2,
            0.3,
            0.4,
            0.5,
            0.6,
            0.7,
            0.8,
            0.9,
            1.0
        ],
        "current": [
            -9.69848E-10,
            -6.42768E-10,
            -5.40415E-10,
            -4.89796E-10,
            -3.64465E-10,
            -3.4418E-10,
            -2.5132E-10,
            -1.72909E-10,
            -1.01296E-10,
            -4.63757E-11,
            7.45E-12,
            7.72689E-11,
            1.51291E-10,
            1.99029E-10,
            1.71002E-10,
            2.26477E-10,
            2.61633E-10,
            2.46659E-10,
            2.46094E-10,
            2.17438E-10,
            1.68568E-10
        ]
    }
}